blessbean@blessbean.com,O,블레스빈을 위한 부산 북항/영도 지역  저온 창고 제휴를 제안합니다.,"안녕하세요 블레스빈 물류 담당자님, 부원로지스 김현주 과장입니다.

지금도 좋은 보관업체와 함께 운영중이시겠지만,
저희 회사에서도 견적을 받아보시면 좀 더 경쟁력있는 기회가 되지 않을까 하는 바람으로 연락드립니다.

저희는 일반, 냉장, 냉동, 농수산물 등 거의 모든 화물을 취급하는 부산 영도 유일의 복합보세창고이며,
생두 보관에 대한 경험이 있습니다.
또한 리팩킹, 라벨링, 검역, 선용품 보관 등 부가서비스 전반을 제공하고 있으며,
잦은 소량 출고작업도 지체 없이 도와드리고 있습니다.

아래 홈페이지에서 더 많은 정보 확인하실 수 있으며,
자세한 사항은 아래 연락처로 연락주시면 안내드리겠습니다.
이번 기회로 귀사와 연이 닿아 좋은 파트너가 되었으면 합니다.


Website    buwon-logis.com
Email      buwoncbw@naver.com
Phone	    051-417-1151~2
"
momoscoffee@gmail.com,O,모모스커피를 위한 부산 북항/영도 지역  저온 창고 제휴를 제안합니다.,"안녕하세요 모모스커피 물류 담당자님, 부원로지스 김현주 과장입니다.

지금도 좋은 보관업체와 함께 운영중이시겠지만,
저희 회사에서도 견적을 받아보시면 좀 더 경쟁력있는 기회가 되지 않을까 하는 바람으로 연락드립니다.

저희는 일반, 냉장, 냉동, 농수산물 등 거의 모든 화물을 취급하는 부산 영도 유일의 복합보세창고이며,
생두 보관에 대한 경험이 있습니다.
또한 리팩킹, 라벨링, 검역, 선용품 보관 등 부가서비스 전반을 제공하고 있으며,
잦은 소량 출고작업도 지체 없이 도와드리고 있습니다.

아래 홈페이지에서 더 많은 정보 확인하실 수 있으며,
자세한 사항은 아래 연락처로 연락주시면 안내드리겠습니다.
이번 기회로 귀사와 연이 닿아 좋은 파트너가 되었으면 합니다.


Website    buwon-logis.com
Email      buwoncbw@naver.com
Phone	    051-417-1151~2
"
mosaickey@naver.com,O,에티코커피를 위한 부산 북항/영도 지역  저온 창고 제휴를 제안합니다.,"안녕하세요 에티코커피 물류 담당자님, 부원로지스 김현주 과장입니다.

지금도 좋은 보관업체와 함께 운영중이시겠지만,
저희 회사에서도 견적을 받아보시면 좀 더 경쟁력있는 기회가 되지 않을까 하는 바람으로 연락드립니다.

저희는 일반, 냉장, 냉동, 농수산물 등 거의 모든 화물을 취급하는 부산 영도 유일의 복합보세창고이며,
생두 보관에 대한 경험이 있습니다.
또한 리팩킹, 라벨링, 검역, 선용품 보관 등 부가서비스 전반을 제공하고 있으며,
잦은 소량 출고작업도 지체 없이 도와드리고 있습니다.

아래 홈페이지에서 더 많은 정보 확인하실 수 있으며,
자세한 사항은 아래 연락처로 연락주시면 안내드리겠습니다.
이번 기회로 귀사와 연이 닿아 좋은 파트너가 되었으면 합니다.


Website    buwon-logis.com
Email      buwoncbw@naver.com
Phone	    051-417-1151~2
"
collaboration@snackwang.com,O,팰리즈를 위한 부산 북항/영도 지역  저온 창고 제휴를 제안합니다.,"안녕하세요 팰리즈 물류 담당자님, 부원로지스 김현주 과장입니다.

지금도 좋은 보관업체와 함께 운영중이시겠지만,
저희 회사에서도 견적을 받아보시면 좀 더 경쟁력있는 기회가 되지 않을까 하는 바람으로 연락드립니다.

저희는 일반, 냉장, 냉동, 농수산물 등 거의 모든 화물을 취급하는 부산 영도 유일의 복합보세창고이며,
수입과자 보관에 대한 경험이 있습니다.
또한 리팩킹, 라벨링, 검역, 선용품 보관 등 부가서비스 전반을 제공하고 있으며,
잦은 소량 출고작업도 지체 없이 도와드리고 있습니다.

아래 홈페이지에서 더 많은 정보 확인하실 수 있으며,
자세한 사항은 아래 연락처로 연락주시면 안내드리겠습니다.
이번 기회로 귀사와 연이 닿아 좋은 파트너가 되었으면 합니다.


Website    buwon-logis.com
Email      buwoncbw@naver.com
Phone	    051-417-1151~2
"
"BIZ@FRITZ.CO.KR
",O,프릳츠를 위한 부산 북항/영도 지역  저온 창고 제휴를 제안합니다.,"안녕하세요 프릳츠 물류 담당자님, 부원로지스 김현주 과장입니다.

지금도 좋은 보관업체와 함께 운영중이시겠지만,
저희 회사에서도 견적을 받아보시면 좀 더 경쟁력있는 기회가 되지 않을까 하는 바람으로 연락드립니다.

저희는 일반, 냉장, 냉동, 농수산물 등 거의 모든 화물을 취급하는 부산 영도 유일의 복합보세창고이며,
생두 보관에 대한 경험이 있습니다.
또한 리팩킹, 라벨링, 검역, 선용품 보관 등 부가서비스 전반을 제공하고 있으며,
잦은 소량 출고작업도 지체 없이 도와드리고 있습니다.

아래 홈페이지에서 더 많은 정보 확인하실 수 있으며,
자세한 사항은 아래 연락처로 연락주시면 안내드리겠습니다.
이번 기회로 귀사와 연이 닿아 좋은 파트너가 되었으면 합니다.


Website    buwon-logis.com
Email      buwoncbw@naver.com
Phone	    051-417-1151~2
"
admin.korea@nkg.coffee,O,NKG 코리아를 위한 부산 북항/영도 지역  저온 창고 제휴를 제안합니다.,"안녕하세요 NKG 코리아 물류 담당자님, 부원로지스 김현주 과장입니다.

지금도 좋은 보관업체와 함께 운영중이시겠지만,
저희 회사에서도 견적을 받아보시면 좀 더 경쟁력있는 기회가 되지 않을까 하는 바람으로 연락드립니다.

저희는 일반, 냉장, 냉동, 농수산물 등 거의 모든 화물을 취급하는 부산 영도 유일의 복합보세창고이며,
생두 보관에 대한 경험이 있습니다.
또한 리팩킹, 라벨링, 검역, 선용품 보관 등 부가서비스 전반을 제공하고 있으며,
잦은 소량 출고작업도 지체 없이 도와드리고 있습니다.

아래 홈페이지에서 더 많은 정보 확인하실 수 있으며,
자세한 사항은 아래 연락처로 연락주시면 안내드리겠습니다.
이번 기회로 귀사와 연이 닿아 좋은 파트너가 되었으면 합니다.


Website    buwon-logis.com
Email      buwoncbw@naver.com
Phone	    051-417-1151~2
"
max@ship-da.com,O,"손석균 매니저님, 부산 북항/영도 지역 저온 창고 제휴를 제안합니다.","안녕하세요 손석균 매니저님, 부원로지스 김현주 과장입니다.

지금도 좋은 보관업체와 함께 운영중이시겠지만,
저희 회사에서도 견적을 받아보시면 좀 더 경쟁력있는 기회가 되지 않을까 하는 바람으로 연락드립니다.

저희는 일반, 냉장, 냉동, 농수산물 등 거의 모든 화물을 취급하는 부산 영도 유일의 복합보세창고입니다.
또한 리팩킹, 라벨링, 검역, 선용품 보관 등 부가서비스 전반을 제공하고 있으며,
잦은 소량 출고작업도 지체 없이 도와드리고 있습니다.

아래 홈페이지에서 더 많은 정보 확인하실 수 있으며,
자세한 사항은 아래 연락처로 연락주시면 안내드리겠습니다.
이번 기회로 귀사와 연이 닿아 좋은 파트너가 되었으면 합니다.


Website    buwon-logis.com
Email      buwoncbw@naver.com
Phone	    051-417-1151~2
"
support@colosseum.kr,O,콜로세움을 위한 부산 북항/영도 지역  저온 창고 제휴를 제안합니다.,"안녕하세요 콜로세움 물류 담당자님, 부원로지스 김현주 과장입니다.

지금도 좋은 보관업체와 함께 운영중이시겠지만,
저희 회사에서도 견적을 받아보시면 좀 더 경쟁력있는 기회가 되지 않을까 하는 바람으로 연락드립니다.

저희는 일반, 냉장, 냉동, 농수산물 등 거의 모든 화물을 취급하는 부산 영도 유일의 복합보세창고입니다.
또한 리팩킹, 라벨링, 검역, 선용품 보관 등 부가서비스 전반을 제공하고 있으며,
잦은 소량 출고작업도 지체 없이 도와드리고 있습니다.

아래 홈페이지에서 더 많은 정보 확인하실 수 있으며,
자세한 사항은 아래 연락처로 연락주시면 안내드리겠습니다.
이번 기회로 귀사와 연이 닿아 좋은 파트너가 되었으면 합니다.


Website    buwon-logis.com
Email      buwoncbw@naver.com
Phone	    051-417-1151~2
"
wylee@dongjinlogis.com,O,"이원용 부장님, 부산 북항/영도 지역 저온 창고 제휴를 제안합니다.","안녕하세요 이원용 부장님, 부원로지스 김현주 과장입니다.

지금도 좋은 보관업체와 함께 운영중이시겠지만,
저희 회사에서도 견적을 받아보시면 좀 더 경쟁력있는 기회가 되지 않을까 하는 바람으로 연락드립니다.

저희는 일반, 냉장, 냉동, 농수산물 등 거의 모든 화물을 취급하는 부산 영도 유일의 복합보세창고입니다.
또한 리팩킹, 라벨링, 검역, 선용품 보관 등 부가서비스 전반을 제공하고 있으며,
잦은 소량 출고작업도 지체 없이 도와드리고 있습니다.

아래 홈페이지에서 더 많은 정보 확인하실 수 있으며,
자세한 사항은 아래 연락처로 연락주시면 안내드리겠습니다.
이번 기회로 귀사와 연이 닿아 좋은 파트너가 되었으면 합니다.


Website    buwon-logis.com
Email      buwoncbw@naver.com
Phone	    051-417-1151~2
"
ssang379@daum.net,O,"이상국 팀장님, 부산 북항/영도 지역 저온 창고 제휴를 제안합니다.","안녕하세요 이상국 팀장님, 부원로지스 김현주 과장입니다.

지금도 좋은 보관업체와 함께 운영중이시겠지만,
저희 회사에서도 견적을 받아보시면 좀 더 경쟁력있는 기회가 되지 않을까 하는 바람으로 연락드립니다.

저희는 일반, 냉장, 냉동, 농수산물 등 거의 모든 화물을 취급하는 부산 영도 유일의 복합보세창고입니다.
또한 리팩킹, 라벨링, 검역, 선용품 보관 등 부가서비스 전반을 제공하고 있으며,
잦은 소량 출고작업도 지체 없이 도와드리고 있습니다.

아래 홈페이지에서 더 많은 정보 확인하실 수 있으며,
자세한 사항은 아래 연락처로 연락주시면 안내드리겠습니다.
이번 기회로 귀사와 연이 닿아 좋은 파트너가 되었으면 합니다.


Website    buwon-logis.com
Email      buwoncbw@naver.com
Phone	    051-417-1151~2
"
info@wycl.co.kr,O,(주)우영종합물류를 위한 부산 북항/영도 지역  저온 창고 제휴를 제안합니다.,"안녕하세요 (주)우영종합물류 물류 담당자님, 부원로지스 김현주 과장입니다.

지금도 좋은 보관업체와 함께 운영중이시겠지만,
저희 회사에서도 견적을 받아보시면 좀 더 경쟁력있는 기회가 되지 않을까 하는 바람으로 연락드립니다.

저희는 일반, 냉장, 냉동, 농수산물 등 거의 모든 화물을 취급하는 부산 영도 유일의 복합보세창고입니다.
또한 리팩킹, 라벨링, 검역, 선용품 보관 등 부가서비스 전반을 제공하고 있으며,
잦은 소량 출고작업도 지체 없이 도와드리고 있습니다.

아래 홈페이지에서 더 많은 정보 확인하실 수 있으며,
자세한 사항은 아래 연락처로 연락주시면 안내드리겠습니다.
이번 기회로 귀사와 연이 닿아 좋은 파트너가 되었으면 합니다.


Website    buwon-logis.com
Email      buwoncbw@naver.com
Phone	    051-417-1151~2
"
impeurope_pus@ecuworldwide.com,O,"정민교 과장님, 부산 북항/영도 지역 저온 창고 제휴를 제안합니다.","안녕하세요 정민교 과장님, 부원로지스 김현주 과장입니다.

지금도 좋은 보관업체와 함께 운영중이시겠지만,
저희 회사에서도 견적을 받아보시면 좀 더 경쟁력있는 기회가 되지 않을까 하는 바람으로 연락드립니다.

저희는 일반, 냉장, 냉동, 농수산물 등 거의 모든 화물을 취급하는 부산 영도 유일의 복합보세창고입니다.
또한 리팩킹, 라벨링, 검역, 선용품 보관 등 부가서비스 전반을 제공하고 있으며,
잦은 소량 출고작업도 지체 없이 도와드리고 있습니다.

아래 홈페이지에서 더 많은 정보 확인하실 수 있으며,
자세한 사항은 아래 연락처로 연락주시면 안내드리겠습니다.
이번 기회로 귀사와 연이 닿아 좋은 파트너가 되었으면 합니다.


Website    buwon-logis.com
Email      buwoncbw@naver.com
Phone	    051-417-1151~2
"
impchina_pus@ecuworldwide.com,O,"최지현 계장님, 부산 북항/영도 지역 저온 창고 제휴를 제안합니다.","안녕하세요 최지현 계장님, 부원로지스 김현주 과장입니다.

지금도 좋은 보관업체와 함께 운영중이시겠지만,
저희 회사에서도 견적을 받아보시면 좀 더 경쟁력있는 기회가 되지 않을까 하는 바람으로 연락드립니다.

저희는 일반, 냉장, 냉동, 농수산물 등 거의 모든 화물을 취급하는 부산 영도 유일의 복합보세창고입니다.
또한 리팩킹, 라벨링, 검역, 선용품 보관 등 부가서비스 전반을 제공하고 있으며,
잦은 소량 출고작업도 지체 없이 도와드리고 있습니다.

아래 홈페이지에서 더 많은 정보 확인하실 수 있으며,
자세한 사항은 아래 연락처로 연락주시면 안내드리겠습니다.
이번 기회로 귀사와 연이 닿아 좋은 파트너가 되었으면 합니다.


Website    buwon-logis.com
Email      buwoncbw@naver.com
Phone	    051-417-1151~2
"
impjapan_pus@ecuworldwide.com,O,"정은영 과장님, 부산 북항/영도 지역 저온 창고 제휴를 제안합니다.","안녕하세요 정은영 과장님, 부원로지스 김현주 과장입니다.

지금도 좋은 보관업체와 함께 운영중이시겠지만,
저희 회사에서도 견적을 받아보시면 좀 더 경쟁력있는 기회가 되지 않을까 하는 바람으로 연락드립니다.

저희는 일반, 냉장, 냉동, 농수산물 등 거의 모든 화물을 취급하는 부산 영도 유일의 복합보세창고입니다.
또한 리팩킹, 라벨링, 검역, 선용품 보관 등 부가서비스 전반을 제공하고 있으며,
잦은 소량 출고작업도 지체 없이 도와드리고 있습니다.

아래 홈페이지에서 더 많은 정보 확인하실 수 있으며,
자세한 사항은 아래 연락처로 연락주시면 안내드리겠습니다.
이번 기회로 귀사와 연이 닿아 좋은 파트너가 되었으면 합니다.


Website    buwon-logis.com
Email      buwoncbw@naver.com
Phone	    051-417-1151~2
"
ilsimls@ilsimls.co.kr,O,(주)일심로지스타를 위한 부산 북항/영도 지역  저온 창고 제휴를 제안합니다.,"안녕하세요 (주)일심로지스타 물류 담당자님, 부원로지스 김현주 과장입니다.

지금도 좋은 보관업체와 함께 운영중이시겠지만,
저희 회사에서도 견적을 받아보시면 좀 더 경쟁력있는 기회가 되지 않을까 하는 바람으로 연락드립니다.

저희는 일반, 냉장, 냉동, 농수산물 등 거의 모든 화물을 취급하는 부산 영도 유일의 복합보세창고입니다.
또한 리팩킹, 라벨링, 검역, 선용품 보관 등 부가서비스 전반을 제공하고 있으며,
잦은 소량 출고작업도 지체 없이 도와드리고 있습니다.

아래 홈페이지에서 더 많은 정보 확인하실 수 있으며,
자세한 사항은 아래 연락처로 연락주시면 안내드리겠습니다.
이번 기회로 귀사와 연이 닿아 좋은 파트너가 되었으면 합니다.


Website    buwon-logis.com
Email      buwoncbw@naver.com
Phone	    051-417-1151~2
"
inquiry@centrans.co.kr,O,(주)쎈트란스인터내셔날을 위한 부산 북항/영도 지역  저온 창고 제휴를 제안합니다.,"안녕하세요 (주)쎈트란스인터내셔날 물류 담당자님, 부원로지스 김현주 과장입니다.

지금도 좋은 보관업체와 함께 운영중이시겠지만,
저희 회사에서도 견적을 받아보시면 좀 더 경쟁력있는 기회가 되지 않을까 하는 바람으로 연락드립니다.

저희는 일반, 냉장, 냉동, 농수산물 등 거의 모든 화물을 취급하는 부산 영도 유일의 복합보세창고입니다.
또한 리팩킹, 라벨링, 검역, 선용품 보관 등 부가서비스 전반을 제공하고 있으며,
잦은 소량 출고작업도 지체 없이 도와드리고 있습니다.

아래 홈페이지에서 더 많은 정보 확인하실 수 있으며,
자세한 사항은 아래 연락처로 연락주시면 안내드리겠습니다.
이번 기회로 귀사와 연이 닿아 좋은 파트너가 되었으면 합니다.


Website    buwon-logis.com
Email      buwoncbw@naver.com
Phone	    051-417-1151~2
"
interlinks@interlinks.co.kr,O,주식회사 인터링스를 위한 부산 북항/영도 지역  저온 창고 제휴를 제안합니다.,"안녕하세요 주식회사 인터링스 물류 담당자님, 부원로지스 김현주 과장입니다.

지금도 좋은 보관업체와 함께 운영중이시겠지만,
저희 회사에서도 견적을 받아보시면 좀 더 경쟁력있는 기회가 되지 않을까 하는 바람으로 연락드립니다.

저희는 일반, 냉장, 냉동, 농수산물 등 거의 모든 화물을 취급하는 부산 영도 유일의 복합보세창고입니다.
또한 리팩킹, 라벨링, 검역, 선용품 보관 등 부가서비스 전반을 제공하고 있으며,
잦은 소량 출고작업도 지체 없이 도와드리고 있습니다.

아래 홈페이지에서 더 많은 정보 확인하실 수 있으며,
자세한 사항은 아래 연락처로 연락주시면 안내드리겠습니다.
이번 기회로 귀사와 연이 닿아 좋은 파트너가 되었으면 합니다.


Website    buwon-logis.com
Email      buwoncbw@naver.com
Phone	    051-417-1151~2
"
joie@alphalogis.co.kr,O,"Joie Im님, 부산 북항/영도 지역 저온 창고 제휴를 제안합니다.","안녕하세요 Joie Im님, 부원로지스 김현주 과장입니다.

지금도 좋은 보관업체와 함께 운영중이시겠지만,
저희 회사에서도 견적을 받아보시면 좀 더 경쟁력있는 기회가 되지 않을까 하는 바람으로 연락드립니다.

저희는 일반, 냉장, 냉동, 농수산물 등 거의 모든 화물을 취급하는 부산 영도 유일의 복합보세창고입니다.
또한 리팩킹, 라벨링, 검역, 선용품 보관 등 부가서비스 전반을 제공하고 있으며,
잦은 소량 출고작업도 지체 없이 도와드리고 있습니다.

아래 홈페이지에서 더 많은 정보 확인하실 수 있으며,
자세한 사항은 아래 연락처로 연락주시면 안내드리겠습니다.
이번 기회로 귀사와 연이 닿아 좋은 파트너가 되었으면 합니다.


Website    buwon-logis.com
Email      buwoncbw@naver.com
Phone	    051-417-1151~2
"
kelly@alphalogis.co.kr,O,"Kelly Nam님, 부산 북항/영도 지역 저온 창고 제휴를 제안합니다.","안녕하세요 Kelly Nam님, 부원로지스 김현주 과장입니다.

지금도 좋은 보관업체와 함께 운영중이시겠지만,
저희 회사에서도 견적을 받아보시면 좀 더 경쟁력있는 기회가 되지 않을까 하는 바람으로 연락드립니다.

저희는 일반, 냉장, 냉동, 농수산물 등 거의 모든 화물을 취급하는 부산 영도 유일의 복합보세창고입니다.
또한 리팩킹, 라벨링, 검역, 선용품 보관 등 부가서비스 전반을 제공하고 있으며,
잦은 소량 출고작업도 지체 없이 도와드리고 있습니다.

아래 홈페이지에서 더 많은 정보 확인하실 수 있으며,
자세한 사항은 아래 연락처로 연락주시면 안내드리겠습니다.
이번 기회로 귀사와 연이 닿아 좋은 파트너가 되었으면 합니다.


Website    buwon-logis.com
Email      buwoncbw@naver.com
Phone	    051-417-1151~2
"
ls@lslts.co.kr,O,(주)엘에스종합물류를 위한 부산 북항/영도 지역  저온 창고 제휴를 제안합니다.,"안녕하세요 (주)엘에스종합물류 물류 담당자님, 부원로지스 김현주 과장입니다.

지금도 좋은 보관업체와 함께 운영중이시겠지만,
저희 회사에서도 견적을 받아보시면 좀 더 경쟁력있는 기회가 되지 않을까 하는 바람으로 연락드립니다.

저희는 일반, 냉장, 냉동, 농수산물 등 거의 모든 화물을 취급하는 부산 영도 유일의 복합보세창고입니다.
또한 리팩킹, 라벨링, 검역, 선용품 보관 등 부가서비스 전반을 제공하고 있으며,
잦은 소량 출고작업도 지체 없이 도와드리고 있습니다.

아래 홈페이지에서 더 많은 정보 확인하실 수 있으며,
자세한 사항은 아래 연락처로 연락주시면 안내드리겠습니다.
이번 기회로 귀사와 연이 닿아 좋은 파트너가 되었으면 합니다.


Website    buwon-logis.com
Email      buwoncbw@naver.com
Phone	    051-417-1151~2
"
jbg@jbglogis.co.kr,O,(주)JBG로지스틱스를 위한 부산 북항/영도 지역  저온 창고 제휴를 제안합니다.,"안녕하세요 (주)JBG로지스틱스 물류 담당자님, 부원로지스 김현주 과장입니다.

지금도 좋은 보관업체와 함께 운영중이시겠지만,
저희 회사에서도 견적을 받아보시면 좀 더 경쟁력있는 기회가 되지 않을까 하는 바람으로 연락드립니다.

저희는 일반, 냉장, 냉동, 농수산물 등 거의 모든 화물을 취급하는 부산 영도 유일의 복합보세창고입니다.
또한 리팩킹, 라벨링, 검역, 선용품 보관 등 부가서비스 전반을 제공하고 있으며,
잦은 소량 출고작업도 지체 없이 도와드리고 있습니다.

아래 홈페이지에서 더 많은 정보 확인하실 수 있으며,
자세한 사항은 아래 연락처로 연락주시면 안내드리겠습니다.
이번 기회로 귀사와 연이 닿아 좋은 파트너가 되었으면 합니다.


Website    buwon-logis.com
Email      buwoncbw@naver.com
Phone	    051-417-1151~2
"
soltrans@soltrans.co.kr,O,(주)솔트랜스를 위한 부산 북항/영도 지역  저온 창고 제휴를 제안합니다.,"안녕하세요 (주)솔트랜스 물류 담당자님, 부원로지스 김현주 과장입니다.

지금도 좋은 보관업체와 함께 운영중이시겠지만,
저희 회사에서도 견적을 받아보시면 좀 더 경쟁력있는 기회가 되지 않을까 하는 바람으로 연락드립니다.

저희는 일반, 냉장, 냉동, 농수산물 등 거의 모든 화물을 취급하는 부산 영도 유일의 복합보세창고입니다.
또한 리팩킹, 라벨링, 검역, 선용품 보관 등 부가서비스 전반을 제공하고 있으며,
잦은 소량 출고작업도 지체 없이 도와드리고 있습니다.

아래 홈페이지에서 더 많은 정보 확인하실 수 있으며,
자세한 사항은 아래 연락처로 연락주시면 안내드리겠습니다.
이번 기회로 귀사와 연이 닿아 좋은 파트너가 되었으면 합니다.


Website    buwon-logis.com
Email      buwoncbw@naver.com
Phone	    051-417-1151~2
"
ramses@ramseskr.com,O,람세스물류(주)를 위한 부산 북항/영도 지역  저온 창고 제휴를 제안합니다.,"안녕하세요 람세스물류(주) 물류 담당자님, 부원로지스 김현주 과장입니다.

지금도 좋은 보관업체와 함께 운영중이시겠지만,
저희 회사에서도 견적을 받아보시면 좀 더 경쟁력있는 기회가 되지 않을까 하는 바람으로 연락드립니다.

저희는 일반, 냉장, 냉동, 농수산물 등 거의 모든 화물을 취급하는 부산 영도 유일의 복합보세창고입니다.
또한 리팩킹, 라벨링, 검역, 선용품 보관 등 부가서비스 전반을 제공하고 있으며,
잦은 소량 출고작업도 지체 없이 도와드리고 있습니다.

아래 홈페이지에서 더 많은 정보 확인하실 수 있으며,
자세한 사항은 아래 연락처로 연락주시면 안내드리겠습니다.
이번 기회로 귀사와 연이 닿아 좋은 파트너가 되었으면 합니다.


Website    buwon-logis.com
Email      buwoncbw@naver.com
Phone	    051-417-1151~2
"
nikki@jbglogis.co.kr,O,"임서윤 부장님, 부산 북항/영도 지역 저온 창고 제휴를 제안합니다.","안녕하세요 임서윤 부장님, 부원로지스 김현주 과장입니다.

지금도 좋은 보관업체와 함께 운영중이시겠지만,
저희 회사에서도 견적을 받아보시면 좀 더 경쟁력있는 기회가 되지 않을까 하는 바람으로 연락드립니다.

저희는 일반, 냉장, 냉동, 농수산물 등 거의 모든 화물을 취급하는 부산 영도 유일의 복합보세창고입니다.
또한 리팩킹, 라벨링, 검역, 선용품 보관 등 부가서비스 전반을 제공하고 있으며,
잦은 소량 출고작업도 지체 없이 도와드리고 있습니다.

아래 홈페이지에서 더 많은 정보 확인하실 수 있으며,
자세한 사항은 아래 연락처로 연락주시면 안내드리겠습니다.
이번 기회로 귀사와 연이 닿아 좋은 파트너가 되었으면 합니다.


Website    buwon-logis.com
Email      buwoncbw@naver.com
Phone	    051-417-1151~2
"
win@2winlogis.co.kr,O,윈윈로지스틱스코리아(주)를 위한 부산 북항/영도 지역  저온 창고 제휴를 제안합니다.,"안녕하세요 윈윈로지스틱스코리아(주) 물류 담당자님, 부원로지스 김현주 과장입니다.

지금도 좋은 보관업체와 함께 운영중이시겠지만,
저희 회사에서도 견적을 받아보시면 좀 더 경쟁력있는 기회가 되지 않을까 하는 바람으로 연락드립니다.

저희는 일반, 냉장, 냉동, 농수산물 등 거의 모든 화물을 취급하는 부산 영도 유일의 복합보세창고입니다.
또한 리팩킹, 라벨링, 검역, 선용품 보관 등 부가서비스 전반을 제공하고 있으며,
잦은 소량 출고작업도 지체 없이 도와드리고 있습니다.

아래 홈페이지에서 더 많은 정보 확인하실 수 있으며,
자세한 사항은 아래 연락처로 연락주시면 안내드리겠습니다.
이번 기회로 귀사와 연이 닿아 좋은 파트너가 되었으면 합니다.


Website    buwon-logis.com
Email      buwoncbw@naver.com
Phone	    051-417-1151~2
"
danielpark@gngcorp.net,O,"Daniel Park님, 부산 북항/영도 지역 저온 창고 제휴를 제안합니다.","안녕하세요 Daniel Park님, 부원로지스 김현주 과장입니다.

지금도 좋은 보관업체와 함께 운영중이시겠지만,
저희 회사에서도 견적을 받아보시면 좀 더 경쟁력있는 기회가 되지 않을까 하는 바람으로 연락드립니다.

저희는 일반, 냉장, 냉동, 농수산물 등 거의 모든 화물을 취급하는 부산 영도 유일의 복합보세창고입니다.
또한 리팩킹, 라벨링, 검역, 선용품 보관 등 부가서비스 전반을 제공하고 있으며,
잦은 소량 출고작업도 지체 없이 도와드리고 있습니다.

아래 홈페이지에서 더 많은 정보 확인하실 수 있으며,
자세한 사항은 아래 연락처로 연락주시면 안내드리겠습니다.
이번 기회로 귀사와 연이 닿아 좋은 파트너가 되었으면 합니다.


Website    buwon-logis.com
Email      buwoncbw@naver.com
Phone	    051-417-1151~2
"
ihyang@gngcorp.net,O,"양익환 팀장님, 부산 북항/영도 지역 저온 창고 제휴를 제안합니다.","안녕하세요 양익환 팀장님, 부원로지스 김현주 과장입니다.

지금도 좋은 보관업체와 함께 운영중이시겠지만,
저희 회사에서도 견적을 받아보시면 좀 더 경쟁력있는 기회가 되지 않을까 하는 바람으로 연락드립니다.

저희는 일반, 냉장, 냉동, 농수산물 등 거의 모든 화물을 취급하는 부산 영도 유일의 복합보세창고입니다.
또한 리팩킹, 라벨링, 검역, 선용품 보관 등 부가서비스 전반을 제공하고 있으며,
잦은 소량 출고작업도 지체 없이 도와드리고 있습니다.

아래 홈페이지에서 더 많은 정보 확인하실 수 있으며,
자세한 사항은 아래 연락처로 연락주시면 안내드리겠습니다.
이번 기회로 귀사와 연이 닿아 좋은 파트너가 되었으면 합니다.


Website    buwon-logis.com
Email      buwoncbw@naver.com
Phone	    051-417-1151~2
"
sel@sunshinelogix.com,O,(주)썬샤인로직스를 위한 부산 북항/영도 지역  저온 창고 제휴를 제안합니다.,"안녕하세요 (주)썬샤인로직스 물류 담당자님, 부원로지스 김현주 과장입니다.

지금도 좋은 보관업체와 함께 운영중이시겠지만,
저희 회사에서도 견적을 받아보시면 좀 더 경쟁력있는 기회가 되지 않을까 하는 바람으로 연락드립니다.

저희는 일반, 냉장, 냉동, 농수산물 등 거의 모든 화물을 취급하는 부산 영도 유일의 복합보세창고입니다.
또한 리팩킹, 라벨링, 검역, 선용품 보관 등 부가서비스 전반을 제공하고 있으며,
잦은 소량 출고작업도 지체 없이 도와드리고 있습니다.

아래 홈페이지에서 더 많은 정보 확인하실 수 있으며,
자세한 사항은 아래 연락처로 연락주시면 안내드리겠습니다.
이번 기회로 귀사와 연이 닿아 좋은 파트너가 되었으면 합니다.


Website    buwon-logis.com
Email      buwoncbw@naver.com
Phone	    051-417-1151~2
"
imp@bs-logis.com,O,비슈어로지스 주식회사를 위한 부산 북항/영도 지역  저온 창고 제휴를 제안합니다.,"안녕하세요 비슈어로지스 주식회사 물류 담당자님, 부원로지스 김현주 과장입니다.

지금도 좋은 보관업체와 함께 운영중이시겠지만,
저희 회사에서도 견적을 받아보시면 좀 더 경쟁력있는 기회가 되지 않을까 하는 바람으로 연락드립니다.

저희는 일반, 냉장, 냉동, 농수산물 등 거의 모든 화물을 취급하는 부산 영도 유일의 복합보세창고입니다.
또한 리팩킹, 라벨링, 검역, 선용품 보관 등 부가서비스 전반을 제공하고 있으며,
잦은 소량 출고작업도 지체 없이 도와드리고 있습니다.

아래 홈페이지에서 더 많은 정보 확인하실 수 있으며,
자세한 사항은 아래 연락처로 연락주시면 안내드리겠습니다.
이번 기회로 귀사와 연이 닿아 좋은 파트너가 되었으면 합니다.


Website    buwon-logis.com
Email      buwoncbw@naver.com
Phone	    051-417-1151~2
"
ava@leonakorea.com,O,"임아람 사원님, 부산 북항/영도 지역 저온 창고 제휴를 제안합니다.","안녕하세요 임아람 사원님, 부원로지스 김현주 과장입니다.

지금도 좋은 보관업체와 함께 운영중이시겠지만,
저희 회사에서도 견적을 받아보시면 좀 더 경쟁력있는 기회가 되지 않을까 하는 바람으로 연락드립니다.

저희는 일반, 냉장, 냉동, 농수산물 등 거의 모든 화물을 취급하는 부산 영도 유일의 복합보세창고입니다.
또한 리팩킹, 라벨링, 검역, 선용품 보관 등 부가서비스 전반을 제공하고 있으며,
잦은 소량 출고작업도 지체 없이 도와드리고 있습니다.

아래 홈페이지에서 더 많은 정보 확인하실 수 있으며,
자세한 사항은 아래 연락처로 연락주시면 안내드리겠습니다.
이번 기회로 귀사와 연이 닿아 좋은 파트너가 되었으면 합니다.


Website    buwon-logis.com
Email      buwoncbw@naver.com
Phone	    051-417-1151~2
"
sophia@hyosung.com,O,"sophia님, 부산 북항/영도 지역 저온 창고 제휴를 제안합니다.","안녕하세요 sophia님, 부원로지스 김현주 과장입니다.

지금도 좋은 보관업체와 함께 운영중이시겠지만,
저희 회사에서도 견적을 받아보시면 좀 더 경쟁력있는 기회가 되지 않을까 하는 바람으로 연락드립니다.

저희는 일반, 냉장, 냉동, 농수산물 등 거의 모든 화물을 취급하는 부산 영도 유일의 복합보세창고입니다.
또한 리팩킹, 라벨링, 검역, 선용품 보관 등 부가서비스 전반을 제공하고 있으며,
잦은 소량 출고작업도 지체 없이 도와드리고 있습니다.

아래 홈페이지에서 더 많은 정보 확인하실 수 있으며,
자세한 사항은 아래 연락처로 연락주시면 안내드리겠습니다.
이번 기회로 귀사와 연이 닿아 좋은 파트너가 되었으면 합니다.


Website    buwon-logis.com
Email      buwoncbw@naver.com
Phone	    051-417-1151~2
"
jky@kylogix.co.kr,O,"정경용 소장님, 부산 북항/영도 지역 저온 창고 제휴를 제안합니다.","안녕하세요 정경용 소장님, 부원로지스 김현주 과장입니다.

지금도 좋은 보관업체와 함께 운영중이시겠지만,
저희 회사에서도 견적을 받아보시면 좀 더 경쟁력있는 기회가 되지 않을까 하는 바람으로 연락드립니다.

저희는 일반, 냉장, 냉동, 농수산물 등 거의 모든 화물을 취급하는 부산 영도 유일의 복합보세창고입니다.
또한 리팩킹, 라벨링, 검역, 선용품 보관 등 부가서비스 전반을 제공하고 있으며,
잦은 소량 출고작업도 지체 없이 도와드리고 있습니다.

아래 홈페이지에서 더 많은 정보 확인하실 수 있으며,
자세한 사항은 아래 연락처로 연락주시면 안내드리겠습니다.
이번 기회로 귀사와 연이 닿아 좋은 파트너가 되었으면 합니다.


Website    buwon-logis.com
Email      buwoncbw@naver.com
Phone	    051-417-1151~2
"
smpark@kylogix.co.kr,O,"박선미 팀장님, 부산 북항/영도 지역 저온 창고 제휴를 제안합니다.","안녕하세요 박선미 팀장님, 부원로지스 김현주 과장입니다.

지금도 좋은 보관업체와 함께 운영중이시겠지만,
저희 회사에서도 견적을 받아보시면 좀 더 경쟁력있는 기회가 되지 않을까 하는 바람으로 연락드립니다.

저희는 일반, 냉장, 냉동, 농수산물 등 거의 모든 화물을 취급하는 부산 영도 유일의 복합보세창고입니다.
또한 리팩킹, 라벨링, 검역, 선용품 보관 등 부가서비스 전반을 제공하고 있으며,
잦은 소량 출고작업도 지체 없이 도와드리고 있습니다.

아래 홈페이지에서 더 많은 정보 확인하실 수 있으며,
자세한 사항은 아래 연락처로 연락주시면 안내드리겠습니다.
이번 기회로 귀사와 연이 닿아 좋은 파트너가 되었으면 합니다.


Website    buwon-logis.com
Email      buwoncbw@naver.com
Phone	    051-417-1151~2
"
sunjin@sunjinsa.co.kr,O,"김장곤 본부장님, 부산 북항/영도 지역 저온 창고 제휴를 제안합니다.","안녕하세요 김장곤 본부장님, 부원로지스 김현주 과장입니다.

지금도 좋은 보관업체와 함께 운영중이시겠지만,
저희 회사에서도 견적을 받아보시면 좀 더 경쟁력있는 기회가 되지 않을까 하는 바람으로 연락드립니다.

저희는 일반, 냉장, 냉동, 농수산물 등 거의 모든 화물을 취급하는 부산 영도 유일의 복합보세창고입니다.
또한 리팩킹, 라벨링, 검역, 선용품 보관 등 부가서비스 전반을 제공하고 있으며,
잦은 소량 출고작업도 지체 없이 도와드리고 있습니다.

아래 홈페이지에서 더 많은 정보 확인하실 수 있으며,
자세한 사항은 아래 연락처로 연락주시면 안내드리겠습니다.
이번 기회로 귀사와 연이 닿아 좋은 파트너가 되었으면 합니다.


Website    buwon-logis.com
Email      buwoncbw@naver.com
Phone	    051-417-1151~2
"
ac@worldbl.co.kr,O,"전금희 팀장님, 부산 북항/영도 지역 저온 창고 제휴를 제안합니다.","안녕하세요 전금희 팀장님, 부원로지스 김현주 과장입니다.

지금도 좋은 보관업체와 함께 운영중이시겠지만,
저희 회사에서도 견적을 받아보시면 좀 더 경쟁력있는 기회가 되지 않을까 하는 바람으로 연락드립니다.

저희는 일반, 냉장, 냉동, 농수산물 등 거의 모든 화물을 취급하는 부산 영도 유일의 복합보세창고입니다.
또한 리팩킹, 라벨링, 검역, 선용품 보관 등 부가서비스 전반을 제공하고 있으며,
잦은 소량 출고작업도 지체 없이 도와드리고 있습니다.

아래 홈페이지에서 더 많은 정보 확인하실 수 있으며,
자세한 사항은 아래 연락처로 연락주시면 안내드리겠습니다.
이번 기회로 귀사와 연이 닿아 좋은 파트너가 되었으면 합니다.


Website    buwon-logis.com
Email      buwoncbw@naver.com
Phone	    051-417-1151~2
"
bjsea@bjfrt.co.kr,O,비제이항운(주)를 위한 부산 북항/영도 지역  저온 창고 제휴를 제안합니다.,"안녕하세요 비제이항운(주) 물류 담당자님, 부원로지스 김현주 과장입니다.

지금도 좋은 보관업체와 함께 운영중이시겠지만,
저희 회사에서도 견적을 받아보시면 좀 더 경쟁력있는 기회가 되지 않을까 하는 바람으로 연락드립니다.

저희는 일반, 냉장, 냉동, 농수산물 등 거의 모든 화물을 취급하는 부산 영도 유일의 복합보세창고입니다.
또한 리팩킹, 라벨링, 검역, 선용품 보관 등 부가서비스 전반을 제공하고 있으며,
잦은 소량 출고작업도 지체 없이 도와드리고 있습니다.

아래 홈페이지에서 더 많은 정보 확인하실 수 있으며,
자세한 사항은 아래 연락처로 연락주시면 안내드리겠습니다.
이번 기회로 귀사와 연이 닿아 좋은 파트너가 되었으면 합니다.


Website    buwon-logis.com
Email      buwoncbw@naver.com
Phone	    051-417-1151~2
"
ojkwon@sinotrans.co.kr,O,시노트란스코리아쉬핑(주)를 위한 부산 북항/영도 지역  저온 창고 제휴를 제안합니다.,"안녕하세요 시노트란스코리아쉬핑(주) 물류 담당자님, 부원로지스 김현주 과장입니다.

지금도 좋은 보관업체와 함께 운영중이시겠지만,
저희 회사에서도 견적을 받아보시면 좀 더 경쟁력있는 기회가 되지 않을까 하는 바람으로 연락드립니다.

저희는 일반, 냉장, 냉동, 농수산물 등 거의 모든 화물을 취급하는 부산 영도 유일의 복합보세창고입니다.
또한 리팩킹, 라벨링, 검역, 선용품 보관 등 부가서비스 전반을 제공하고 있으며,
잦은 소량 출고작업도 지체 없이 도와드리고 있습니다.

아래 홈페이지에서 더 많은 정보 확인하실 수 있으며,
자세한 사항은 아래 연락처로 연락주시면 안내드리겠습니다.
이번 기회로 귀사와 연이 닿아 좋은 파트너가 되었으면 합니다.


Website    buwon-logis.com
Email      buwoncbw@naver.com
Phone	    051-417-1151~2
"
ops@chlog.co.kr,O,주식회사 씨에이치로지스틱을 위한 부산 북항/영도 지역  저온 창고 제휴를 제안합니다.,"안녕하세요 주식회사 씨에이치로지스틱 물류 담당자님, 부원로지스 김현주 과장입니다.

지금도 좋은 보관업체와 함께 운영중이시겠지만,
저희 회사에서도 견적을 받아보시면 좀 더 경쟁력있는 기회가 되지 않을까 하는 바람으로 연락드립니다.

저희는 일반, 냉장, 냉동, 농수산물 등 거의 모든 화물을 취급하는 부산 영도 유일의 복합보세창고입니다.
또한 리팩킹, 라벨링, 검역, 선용품 보관 등 부가서비스 전반을 제공하고 있으며,
잦은 소량 출고작업도 지체 없이 도와드리고 있습니다.

아래 홈페이지에서 더 많은 정보 확인하실 수 있으며,
자세한 사항은 아래 연락처로 연락주시면 안내드리겠습니다.
이번 기회로 귀사와 연이 닿아 좋은 파트너가 되었으면 합니다.


Website    buwon-logis.com
Email      buwoncbw@naver.com
Phone	    051-417-1151~2
"
coskj@hanroad.com,O,"K.J.Shin님, 부산 북항/영도 지역 저온 창고 제휴를 제안합니다.","안녕하세요 K.J.Shin님, 부원로지스 김현주 과장입니다.

지금도 좋은 보관업체와 함께 운영중이시겠지만,
저희 회사에서도 견적을 받아보시면 좀 더 경쟁력있는 기회가 되지 않을까 하는 바람으로 연락드립니다.

저희는 일반, 냉장, 냉동, 농수산물 등 거의 모든 화물을 취급하는 부산 영도 유일의 복합보세창고입니다.
또한 리팩킹, 라벨링, 검역, 선용품 보관 등 부가서비스 전반을 제공하고 있으며,
잦은 소량 출고작업도 지체 없이 도와드리고 있습니다.

아래 홈페이지에서 더 많은 정보 확인하실 수 있으며,
자세한 사항은 아래 연락처로 연락주시면 안내드리겠습니다.
이번 기회로 귀사와 연이 닿아 좋은 파트너가 되었으면 합니다.


Website    buwon-logis.com
Email      buwoncbw@naver.com
Phone	    051-417-1151~2
"
nxkr-ocnimp@nipponexpress.com,O,한국일본통운을 위한 부산 북항/영도 지역  저온 창고 제휴를 제안합니다.,"안녕하세요 한국일본통운 물류 담당자님, 부원로지스 김현주 과장입니다.

지금도 좋은 보관업체와 함께 운영중이시겠지만,
저희 회사에서도 견적을 받아보시면 좀 더 경쟁력있는 기회가 되지 않을까 하는 바람으로 연락드립니다.

저희는 일반, 냉장, 냉동, 농수산물 등 거의 모든 화물을 취급하는 부산 영도 유일의 복합보세창고입니다.
또한 리팩킹, 라벨링, 검역, 선용품 보관 등 부가서비스 전반을 제공하고 있으며,
잦은 소량 출고작업도 지체 없이 도와드리고 있습니다.

아래 홈페이지에서 더 많은 정보 확인하실 수 있으며,
자세한 사항은 아래 연락처로 연락주시면 안내드리겠습니다.
이번 기회로 귀사와 연이 닿아 좋은 파트너가 되었으면 합니다.


Website    buwon-logis.com
Email      buwoncbw@naver.com
Phone	    051-417-1151~2
"
oceanimp@skyrd.co.kr,O,(주)스카이로드를 위한 부산 북항/영도 지역  저온 창고 제휴를 제안합니다.,"안녕하세요 (주)스카이로드 물류 담당자님, 부원로지스 김현주 과장입니다.

지금도 좋은 보관업체와 함께 운영중이시겠지만,
저희 회사에서도 견적을 받아보시면 좀 더 경쟁력있는 기회가 되지 않을까 하는 바람으로 연락드립니다.

저희는 일반, 냉장, 냉동, 농수산물 등 거의 모든 화물을 취급하는 부산 영도 유일의 복합보세창고입니다.
또한 리팩킹, 라벨링, 검역, 선용품 보관 등 부가서비스 전반을 제공하고 있으며,
잦은 소량 출고작업도 지체 없이 도와드리고 있습니다.

아래 홈페이지에서 더 많은 정보 확인하실 수 있으며,
자세한 사항은 아래 연락처로 연락주시면 안내드리겠습니다.
이번 기회로 귀사와 연이 닿아 좋은 파트너가 되었으면 합니다.


Website    buwon-logis.com
Email      buwoncbw@naver.com
Phone	    051-417-1151~2
"
hartrodt@ahk.co.kr,O,(주)하트로트코리아를 위한 부산 북항/영도 지역  저온 창고 제휴를 제안합니다.,"안녕하세요 (주)하트로트코리아 물류 담당자님, 부원로지스 김현주 과장입니다.

지금도 좋은 보관업체와 함께 운영중이시겠지만,
저희 회사에서도 견적을 받아보시면 좀 더 경쟁력있는 기회가 되지 않을까 하는 바람으로 연락드립니다.

저희는 일반, 냉장, 냉동, 농수산물 등 거의 모든 화물을 취급하는 부산 영도 유일의 복합보세창고입니다.
또한 리팩킹, 라벨링, 검역, 선용품 보관 등 부가서비스 전반을 제공하고 있으며,
잦은 소량 출고작업도 지체 없이 도와드리고 있습니다.

아래 홈페이지에서 더 많은 정보 확인하실 수 있으며,
자세한 사항은 아래 연락처로 연락주시면 안내드리겠습니다.
이번 기회로 귀사와 연이 닿아 좋은 파트너가 되었으면 합니다.


Website    buwon-logis.com
Email      buwoncbw@naver.com
Phone	    051-417-1151~2
"
chris.jeong@mainfreight.com,O,"Chris Jeong님, 부산 북항/영도 지역 저온 창고 제휴를 제안합니다.","안녕하세요 Chris Jeong님, 부원로지스 김현주 과장입니다.

지금도 좋은 보관업체와 함께 운영중이시겠지만,
저희 회사에서도 견적을 받아보시면 좀 더 경쟁력있는 기회가 되지 않을까 하는 바람으로 연락드립니다.

저희는 일반, 냉장, 냉동, 농수산물 등 거의 모든 화물을 취급하는 부산 영도 유일의 복합보세창고입니다.
또한 리팩킹, 라벨링, 검역, 선용품 보관 등 부가서비스 전반을 제공하고 있으며,
잦은 소량 출고작업도 지체 없이 도와드리고 있습니다.

아래 홈페이지에서 더 많은 정보 확인하실 수 있으며,
자세한 사항은 아래 연락처로 연락주시면 안내드리겠습니다.
이번 기회로 귀사와 연이 닿아 좋은 파트너가 되었으면 합니다.


Website    buwon-logis.com
Email      buwoncbw@naver.com
Phone	    051-417-1151~2
"
locobest@logiscore.co.kr,O,로지스코어 주식회사를 위한 부산 북항/영도 지역  저온 창고 제휴를 제안합니다.,"안녕하세요 로지스코어 주식회사 물류 담당자님, 부원로지스 김현주 과장입니다.

지금도 좋은 보관업체와 함께 운영중이시겠지만,
저희 회사에서도 견적을 받아보시면 좀 더 경쟁력있는 기회가 되지 않을까 하는 바람으로 연락드립니다.

저희는 일반, 냉장, 냉동, 농수산물 등 거의 모든 화물을 취급하는 부산 영도 유일의 복합보세창고입니다.
또한 리팩킹, 라벨링, 검역, 선용품 보관 등 부가서비스 전반을 제공하고 있으며,
잦은 소량 출고작업도 지체 없이 도와드리고 있습니다.

아래 홈페이지에서 더 많은 정보 확인하실 수 있으며,
자세한 사항은 아래 연락처로 연락주시면 안내드리겠습니다.
이번 기회로 귀사와 연이 닿아 좋은 파트너가 되었으면 합니다.


Website    buwon-logis.com
Email      buwoncbw@naver.com
Phone	    051-417-1151~2
"
klheejin@pnsnetworks.com,O,(주)피앤에스네트웍스를 위한 부산 북항/영도 지역  저온 창고 제휴를 제안합니다.,"안녕하세요 (주)피앤에스네트웍스 물류 담당자님, 부원로지스 김현주 과장입니다.

지금도 좋은 보관업체와 함께 운영중이시겠지만,
저희 회사에서도 견적을 받아보시면 좀 더 경쟁력있는 기회가 되지 않을까 하는 바람으로 연락드립니다.

저희는 일반, 냉장, 냉동, 농수산물 등 거의 모든 화물을 취급하는 부산 영도 유일의 복합보세창고입니다.
또한 리팩킹, 라벨링, 검역, 선용품 보관 등 부가서비스 전반을 제공하고 있으며,
잦은 소량 출고작업도 지체 없이 도와드리고 있습니다.

아래 홈페이지에서 더 많은 정보 확인하실 수 있으며,
자세한 사항은 아래 연락처로 연락주시면 안내드리겠습니다.
이번 기회로 귀사와 연이 닿아 좋은 파트너가 되었으면 합니다.


Website    buwon-logis.com
Email      buwoncbw@naver.com
Phone	    051-417-1151~2
"
bso@tysp.co.kr,O,"부산사무소 대표메일님, 부산 북항/영도 지역 저온 창고 제휴를 제안합니다.","안녕하세요 부산사무소 대표메일님, 부원로지스 김현주 과장입니다.

지금도 좋은 보관업체와 함께 운영중이시겠지만,
저희 회사에서도 견적을 받아보시면 좀 더 경쟁력있는 기회가 되지 않을까 하는 바람으로 연락드립니다.

저희는 일반, 냉장, 냉동, 농수산물 등 거의 모든 화물을 취급하는 부산 영도 유일의 복합보세창고입니다.
또한 리팩킹, 라벨링, 검역, 선용품 보관 등 부가서비스 전반을 제공하고 있으며,
잦은 소량 출고작업도 지체 없이 도와드리고 있습니다.

아래 홈페이지에서 더 많은 정보 확인하실 수 있으며,
자세한 사항은 아래 연락처로 연락주시면 안내드리겠습니다.
이번 기회로 귀사와 연이 닿아 좋은 파트너가 되었으면 합니다.


Website    buwon-logis.com
Email      buwoncbw@naver.com
Phone	    051-417-1151~2
"
eunice@barun21.net,O,"최은경님, 부산 북항/영도 지역 저온 창고 제휴를 제안합니다.","안녕하세요 최은경님, 부원로지스 김현주 과장입니다.

지금도 좋은 보관업체와 함께 운영중이시겠지만,
저희 회사에서도 견적을 받아보시면 좀 더 경쟁력있는 기회가 되지 않을까 하는 바람으로 연락드립니다.

저희는 일반, 냉장, 냉동, 농수산물 등 거의 모든 화물을 취급하는 부산 영도 유일의 복합보세창고입니다.
또한 리팩킹, 라벨링, 검역, 선용품 보관 등 부가서비스 전반을 제공하고 있으며,
잦은 소량 출고작업도 지체 없이 도와드리고 있습니다.

아래 홈페이지에서 더 많은 정보 확인하실 수 있으며,
자세한 사항은 아래 연락처로 연락주시면 안내드리겠습니다.
이번 기회로 귀사와 연이 닿아 좋은 파트너가 되었으면 합니다.


Website    buwon-logis.com
Email      buwoncbw@naver.com
Phone	    051-417-1151~2
"
import@royalgls.kr,O,(주) 로얄지엘에스를 위한 부산 북항/영도 지역  저온 창고 제휴를 제안합니다.,"안녕하세요 (주) 로얄지엘에스 물류 담당자님, 부원로지스 김현주 과장입니다.

지금도 좋은 보관업체와 함께 운영중이시겠지만,
저희 회사에서도 견적을 받아보시면 좀 더 경쟁력있는 기회가 되지 않을까 하는 바람으로 연락드립니다.

저희는 일반, 냉장, 냉동, 농수산물 등 거의 모든 화물을 취급하는 부산 영도 유일의 복합보세창고입니다.
또한 리팩킹, 라벨링, 검역, 선용품 보관 등 부가서비스 전반을 제공하고 있으며,
잦은 소량 출고작업도 지체 없이 도와드리고 있습니다.

아래 홈페이지에서 더 많은 정보 확인하실 수 있으며,
자세한 사항은 아래 연락처로 연락주시면 안내드리겠습니다.
이번 기회로 귀사와 연이 닿아 좋은 파트너가 되었으면 합니다.


Website    buwon-logis.com
Email      buwoncbw@naver.com
Phone	    051-417-1151~2
"
minsang.park@dongkuk.com,O,"박민상 차장님, 부산 북항/영도 지역 저온 창고 제휴를 제안합니다.","안녕하세요 박민상 차장님, 부원로지스 김현주 과장입니다.

지금도 좋은 보관업체와 함께 운영중이시겠지만,
저희 회사에서도 견적을 받아보시면 좀 더 경쟁력있는 기회가 되지 않을까 하는 바람으로 연락드립니다.

저희는 일반, 냉장, 냉동, 농수산물 등 거의 모든 화물을 취급하는 부산 영도 유일의 복합보세창고입니다.
또한 리팩킹, 라벨링, 검역, 선용품 보관 등 부가서비스 전반을 제공하고 있으며,
잦은 소량 출고작업도 지체 없이 도와드리고 있습니다.

아래 홈페이지에서 더 많은 정보 확인하실 수 있으며,
자세한 사항은 아래 연락처로 연락주시면 안내드리겠습니다.
이번 기회로 귀사와 연이 닿아 좋은 파트너가 되었으면 합니다.


Website    buwon-logis.com
Email      buwoncbw@naver.com
Phone	    051-417-1151~2
"
commercial@aprojects-korea.com,O,주식회사 아프로젝츠코리아를 위한 부산 북항/영도 지역  저온 창고 제휴를 제안합니다.,"안녕하세요 주식회사 아프로젝츠코리아 물류 담당자님, 부원로지스 김현주 과장입니다.

지금도 좋은 보관업체와 함께 운영중이시겠지만,
저희 회사에서도 견적을 받아보시면 좀 더 경쟁력있는 기회가 되지 않을까 하는 바람으로 연락드립니다.

저희는 일반, 냉장, 냉동, 농수산물 등 거의 모든 화물을 취급하는 부산 영도 유일의 복합보세창고입니다.
또한 리팩킹, 라벨링, 검역, 선용품 보관 등 부가서비스 전반을 제공하고 있으며,
잦은 소량 출고작업도 지체 없이 도와드리고 있습니다.

아래 홈페이지에서 더 많은 정보 확인하실 수 있으며,
자세한 사항은 아래 연락처로 연락주시면 안내드리겠습니다.
이번 기회로 귀사와 연이 닿아 좋은 파트너가 되었으면 합니다.


Website    buwon-logis.com
Email      buwoncbw@naver.com
Phone	    051-417-1151~2
"
info2jcinc@gmail.com,O,제이시엘앤지브이시 주식회사를 위한 부산 북항/영도 지역  저온 창고 제휴를 제안합니다.,"안녕하세요 제이시엘앤지브이시 주식회사 물류 담당자님, 부원로지스 김현주 과장입니다.

지금도 좋은 보관업체와 함께 운영중이시겠지만,
저희 회사에서도 견적을 받아보시면 좀 더 경쟁력있는 기회가 되지 않을까 하는 바람으로 연락드립니다.

저희는 일반, 냉장, 냉동, 농수산물 등 거의 모든 화물을 취급하는 부산 영도 유일의 복합보세창고입니다.
또한 리팩킹, 라벨링, 검역, 선용품 보관 등 부가서비스 전반을 제공하고 있으며,
잦은 소량 출고작업도 지체 없이 도와드리고 있습니다.

아래 홈페이지에서 더 많은 정보 확인하실 수 있으며,
자세한 사항은 아래 연락처로 연락주시면 안내드리겠습니다.
이번 기회로 귀사와 연이 닿아 좋은 파트너가 되었으면 합니다.


Website    buwon-logis.com
Email      buwoncbw@naver.com
Phone	    051-417-1151~2
"
info@j2kglobal.com,O,(주)제이투케이글로벌을 위한 부산 북항/영도 지역  저온 창고 제휴를 제안합니다.,"안녕하세요 (주)제이투케이글로벌 물류 담당자님, 부원로지스 김현주 과장입니다.

지금도 좋은 보관업체와 함께 운영중이시겠지만,
저희 회사에서도 견적을 받아보시면 좀 더 경쟁력있는 기회가 되지 않을까 하는 바람으로 연락드립니다.

저희는 일반, 냉장, 냉동, 농수산물 등 거의 모든 화물을 취급하는 부산 영도 유일의 복합보세창고입니다.
또한 리팩킹, 라벨링, 검역, 선용품 보관 등 부가서비스 전반을 제공하고 있으며,
잦은 소량 출고작업도 지체 없이 도와드리고 있습니다.

아래 홈페이지에서 더 많은 정보 확인하실 수 있으며,
자세한 사항은 아래 연락처로 연락주시면 안내드리겠습니다.
이번 기회로 귀사와 연이 닿아 좋은 파트너가 되었으면 합니다.


Website    buwon-logis.com
Email      buwoncbw@naver.com
Phone	    051-417-1151~2
"
info@besureline.co.kr    ,O,주식회사 비슈어라인을 위한 부산 북항/영도 지역  저온 창고 제휴를 제안합니다.,"안녕하세요 주식회사 비슈어라인 물류 담당자님, 부원로지스 김현주 과장입니다.

지금도 좋은 보관업체와 함께 운영중이시겠지만,
저희 회사에서도 견적을 받아보시면 좀 더 경쟁력있는 기회가 되지 않을까 하는 바람으로 연락드립니다.

저희는 일반, 냉장, 냉동, 농수산물 등 거의 모든 화물을 취급하는 부산 영도 유일의 복합보세창고입니다.
또한 리팩킹, 라벨링, 검역, 선용품 보관 등 부가서비스 전반을 제공하고 있으며,
잦은 소량 출고작업도 지체 없이 도와드리고 있습니다.

아래 홈페이지에서 더 많은 정보 확인하실 수 있으며,
자세한 사항은 아래 연락처로 연락주시면 안내드리겠습니다.
이번 기회로 귀사와 연이 닿아 좋은 파트너가 되었으면 합니다.


Website    buwon-logis.com
Email      buwoncbw@naver.com
Phone	    051-417-1151~2
"
salesteam@dslkr.com,O,대성로지스틱스를 위한 부산 북항/영도 지역  저온 창고 제휴를 제안합니다.,"안녕하세요 대성로지스틱스 물류 담당자님, 부원로지스 김현주 과장입니다.

지금도 좋은 보관업체와 함께 운영중이시겠지만,
저희 회사에서도 견적을 받아보시면 좀 더 경쟁력있는 기회가 되지 않을까 하는 바람으로 연락드립니다.

저희는 일반, 냉장, 냉동, 농수산물 등 거의 모든 화물을 취급하는 부산 영도 유일의 복합보세창고입니다.
또한 리팩킹, 라벨링, 검역, 선용품 보관 등 부가서비스 전반을 제공하고 있으며,
잦은 소량 출고작업도 지체 없이 도와드리고 있습니다.

아래 홈페이지에서 더 많은 정보 확인하실 수 있으며,
자세한 사항은 아래 연락처로 연락주시면 안내드리겠습니다.
이번 기회로 귀사와 연이 닿아 좋은 파트너가 되었으면 합니다.


Website    buwon-logis.com
Email      buwoncbw@naver.com
Phone	    051-417-1151~2
"
sales@nyil.co.kr,O,엔와이국제물류주식회사를 위한 부산 북항/영도 지역  저온 창고 제휴를 제안합니다.,"안녕하세요 엔와이국제물류주식회사 물류 담당자님, 부원로지스 김현주 과장입니다.

지금도 좋은 보관업체와 함께 운영중이시겠지만,
저희 회사에서도 견적을 받아보시면 좀 더 경쟁력있는 기회가 되지 않을까 하는 바람으로 연락드립니다.

저희는 일반, 냉장, 냉동, 농수산물 등 거의 모든 화물을 취급하는 부산 영도 유일의 복합보세창고입니다.
또한 리팩킹, 라벨링, 검역, 선용품 보관 등 부가서비스 전반을 제공하고 있으며,
잦은 소량 출고작업도 지체 없이 도와드리고 있습니다.

아래 홈페이지에서 더 많은 정보 확인하실 수 있으며,
자세한 사항은 아래 연락처로 연락주시면 안내드리겠습니다.
이번 기회로 귀사와 연이 닿아 좋은 파트너가 되었으면 합니다.


Website    buwon-logis.com
Email      buwoncbw@naver.com
Phone	    051-417-1151~2
"
info@swlogic.co.kr,O,"박정수 부장님, 부산 북항/영도 지역 저온 창고 제휴를 제안합니다.","안녕하세요 박정수 부장님, 부원로지스 김현주 과장입니다.

지금도 좋은 보관업체와 함께 운영중이시겠지만,
저희 회사에서도 견적을 받아보시면 좀 더 경쟁력있는 기회가 되지 않을까 하는 바람으로 연락드립니다.

저희는 일반, 냉장, 냉동, 농수산물 등 거의 모든 화물을 취급하는 부산 영도 유일의 복합보세창고입니다.
또한 리팩킹, 라벨링, 검역, 선용품 보관 등 부가서비스 전반을 제공하고 있으며,
잦은 소량 출고작업도 지체 없이 도와드리고 있습니다.

아래 홈페이지에서 더 많은 정보 확인하실 수 있으며,
자세한 사항은 아래 연락처로 연락주시면 안내드리겠습니다.
이번 기회로 귀사와 연이 닿아 좋은 파트너가 되었으면 합니다.


Website    buwon-logis.com
Email      buwoncbw@naver.com
Phone	    051-417-1151~2
"
ocean.imp@anbgl.co.kr,O,주식회사 에이앤비글로벌로지스를 위한 부산 북항/영도 지역  저온 창고 제휴를 제안합니다.,"안녕하세요 주식회사 에이앤비글로벌로지스 물류 담당자님, 부원로지스 김현주 과장입니다.

지금도 좋은 보관업체와 함께 운영중이시겠지만,
저희 회사에서도 견적을 받아보시면 좀 더 경쟁력있는 기회가 되지 않을까 하는 바람으로 연락드립니다.

저희는 일반, 냉장, 냉동, 농수산물 등 거의 모든 화물을 취급하는 부산 영도 유일의 복합보세창고입니다.
또한 리팩킹, 라벨링, 검역, 선용품 보관 등 부가서비스 전반을 제공하고 있으며,
잦은 소량 출고작업도 지체 없이 도와드리고 있습니다.

아래 홈페이지에서 더 많은 정보 확인하실 수 있으며,
자세한 사항은 아래 연락처로 연락주시면 안내드리겠습니다.
이번 기회로 귀사와 연이 닿아 좋은 파트너가 되었으면 합니다.


Website    buwon-logis.com
Email      buwoncbw@naver.com
Phone	    051-417-1151~2
"
"import@sunwsa.com
",O,썬월드해운항공 주식회사를 위한 부산 북항/영도 지역  저온 창고 제휴를 제안합니다.,"안녕하세요 썬월드해운항공 주식회사 물류 담당자님, 부원로지스 김현주 과장입니다.

지금도 좋은 보관업체와 함께 운영중이시겠지만,
저희 회사에서도 견적을 받아보시면 좀 더 경쟁력있는 기회가 되지 않을까 하는 바람으로 연락드립니다.

저희는 일반, 냉장, 냉동, 농수산물 등 거의 모든 화물을 취급하는 부산 영도 유일의 복합보세창고입니다.
또한 리팩킹, 라벨링, 검역, 선용품 보관 등 부가서비스 전반을 제공하고 있으며,
잦은 소량 출고작업도 지체 없이 도와드리고 있습니다.

아래 홈페이지에서 더 많은 정보 확인하실 수 있으며,
자세한 사항은 아래 연락처로 연락주시면 안내드리겠습니다.
이번 기회로 귀사와 연이 닿아 좋은 파트너가 되었으면 합니다.


Website    buwon-logis.com
Email      buwoncbw@naver.com
Phone	    051-417-1151~2
"
overseaskorea@oksa.co.kr,O,오케이물류(주)를 위한 부산 북항/영도 지역  저온 창고 제휴를 제안합니다.,"안녕하세요 오케이물류(주) 물류 담당자님, 부원로지스 김현주 과장입니다.

지금도 좋은 보관업체와 함께 운영중이시겠지만,
저희 회사에서도 견적을 받아보시면 좀 더 경쟁력있는 기회가 되지 않을까 하는 바람으로 연락드립니다.

저희는 일반, 냉장, 냉동, 농수산물 등 거의 모든 화물을 취급하는 부산 영도 유일의 복합보세창고입니다.
또한 리팩킹, 라벨링, 검역, 선용품 보관 등 부가서비스 전반을 제공하고 있으며,
잦은 소량 출고작업도 지체 없이 도와드리고 있습니다.

아래 홈페이지에서 더 많은 정보 확인하실 수 있으며,
자세한 사항은 아래 연락처로 연락주시면 안내드리겠습니다.
이번 기회로 귀사와 연이 닿아 좋은 파트너가 되었으면 합니다.


Website    buwon-logis.com
Email      buwoncbw@naver.com
Phone	    051-417-1151~2
"
agent@okshipping.co.kr,O,(주)아이에스에이상운을 위한 부산 북항/영도 지역  저온 창고 제휴를 제안합니다.,"안녕하세요 (주)아이에스에이상운 물류 담당자님, 부원로지스 김현주 과장입니다.

지금도 좋은 보관업체와 함께 운영중이시겠지만,
저희 회사에서도 견적을 받아보시면 좀 더 경쟁력있는 기회가 되지 않을까 하는 바람으로 연락드립니다.

저희는 일반, 냉장, 냉동, 농수산물 등 거의 모든 화물을 취급하는 부산 영도 유일의 복합보세창고입니다.
또한 리팩킹, 라벨링, 검역, 선용품 보관 등 부가서비스 전반을 제공하고 있으며,
잦은 소량 출고작업도 지체 없이 도와드리고 있습니다.

아래 홈페이지에서 더 많은 정보 확인하실 수 있으며,
자세한 사항은 아래 연락처로 연락주시면 안내드리겠습니다.
이번 기회로 귀사와 연이 닿아 좋은 파트너가 되었으면 합니다.


Website    buwon-logis.com
Email      buwoncbw@naver.com
Phone	    051-417-1151~2
"
general@arkline.co.kr,O,"최성은 대리님, 부산 북항/영도 지역 저온 창고 제휴를 제안합니다.","안녕하세요 최성은 대리님, 부원로지스 김현주 과장입니다.

지금도 좋은 보관업체와 함께 운영중이시겠지만,
저희 회사에서도 견적을 받아보시면 좀 더 경쟁력있는 기회가 되지 않을까 하는 바람으로 연락드립니다.

저희는 일반, 냉장, 냉동, 농수산물 등 거의 모든 화물을 취급하는 부산 영도 유일의 복합보세창고입니다.
또한 리팩킹, 라벨링, 검역, 선용품 보관 등 부가서비스 전반을 제공하고 있으며,
잦은 소량 출고작업도 지체 없이 도와드리고 있습니다.

아래 홈페이지에서 더 많은 정보 확인하실 수 있으며,
자세한 사항은 아래 연락처로 연락주시면 안내드리겠습니다.
이번 기회로 귀사와 연이 닿아 좋은 파트너가 되었으면 합니다.


Website    buwon-logis.com
Email      buwoncbw@naver.com
Phone	    051-417-1151~2
"
salb@salb.co.kr,O,(주)씨에어랜드브리지를 위한 부산 북항/영도 지역  저온 창고 제휴를 제안합니다.,"안녕하세요 (주)씨에어랜드브리지 물류 담당자님, 부원로지스 김현주 과장입니다.

지금도 좋은 보관업체와 함께 운영중이시겠지만,
저희 회사에서도 견적을 받아보시면 좀 더 경쟁력있는 기회가 되지 않을까 하는 바람으로 연락드립니다.

저희는 일반, 냉장, 냉동, 농수산물 등 거의 모든 화물을 취급하는 부산 영도 유일의 복합보세창고입니다.
또한 리팩킹, 라벨링, 검역, 선용품 보관 등 부가서비스 전반을 제공하고 있으며,
잦은 소량 출고작업도 지체 없이 도와드리고 있습니다.

아래 홈페이지에서 더 많은 정보 확인하실 수 있으며,
자세한 사항은 아래 연락처로 연락주시면 안내드리겠습니다.
이번 기회로 귀사와 연이 닿아 좋은 파트너가 되었으면 합니다.


Website    buwon-logis.com
Email      buwoncbw@naver.com
Phone	    051-417-1151~2
"
jypline@jypline.com,O,제이와이피라인(주)를 위한 부산 북항/영도 지역  저온 창고 제휴를 제안합니다.,"안녕하세요 제이와이피라인(주) 물류 담당자님, 부원로지스 김현주 과장입니다.

지금도 좋은 보관업체와 함께 운영중이시겠지만,
저희 회사에서도 견적을 받아보시면 좀 더 경쟁력있는 기회가 되지 않을까 하는 바람으로 연락드립니다.

저희는 일반, 냉장, 냉동, 농수산물 등 거의 모든 화물을 취급하는 부산 영도 유일의 복합보세창고입니다.
또한 리팩킹, 라벨링, 검역, 선용품 보관 등 부가서비스 전반을 제공하고 있으며,
잦은 소량 출고작업도 지체 없이 도와드리고 있습니다.

아래 홈페이지에서 더 많은 정보 확인하실 수 있으며,
자세한 사항은 아래 연락처로 연락주시면 안내드리겠습니다.
이번 기회로 귀사와 연이 닿아 좋은 파트너가 되었으면 합니다.


Website    buwon-logis.com
Email      buwoncbw@naver.com
Phone	    051-417-1151~2
"
jssik@2logis.com,O,주식회사 이로지스아시아를 위한 부산 북항/영도 지역  저온 창고 제휴를 제안합니다.,"안녕하세요 주식회사 이로지스아시아 물류 담당자님, 부원로지스 김현주 과장입니다.

지금도 좋은 보관업체와 함께 운영중이시겠지만,
저희 회사에서도 견적을 받아보시면 좀 더 경쟁력있는 기회가 되지 않을까 하는 바람으로 연락드립니다.

저희는 일반, 냉장, 냉동, 농수산물 등 거의 모든 화물을 취급하는 부산 영도 유일의 복합보세창고입니다.
또한 리팩킹, 라벨링, 검역, 선용품 보관 등 부가서비스 전반을 제공하고 있으며,
잦은 소량 출고작업도 지체 없이 도와드리고 있습니다.

아래 홈페이지에서 더 많은 정보 확인하실 수 있으며,
자세한 사항은 아래 연락처로 연락주시면 안내드리겠습니다.
이번 기회로 귀사와 연이 닿아 좋은 파트너가 되었으면 합니다.


Website    buwon-logis.com
Email      buwoncbw@naver.com
Phone	    051-417-1151~2
"
CS@GBLOGITOP.COM,O,글로벌로지탑을 위한 부산 북항/영도 지역  저온 창고 제휴를 제안합니다.,"안녕하세요 글로벌로지탑 물류 담당자님, 부원로지스 김현주 과장입니다.

지금도 좋은 보관업체와 함께 운영중이시겠지만,
저희 회사에서도 견적을 받아보시면 좀 더 경쟁력있는 기회가 되지 않을까 하는 바람으로 연락드립니다.

저희는 일반, 냉장, 냉동, 농수산물 등 거의 모든 화물을 취급하는 부산 영도 유일의 복합보세창고입니다.
또한 리팩킹, 라벨링, 검역, 선용품 보관 등 부가서비스 전반을 제공하고 있으며,
잦은 소량 출고작업도 지체 없이 도와드리고 있습니다.

아래 홈페이지에서 더 많은 정보 확인하실 수 있으며,
자세한 사항은 아래 연락처로 연락주시면 안내드리겠습니다.
이번 기회로 귀사와 연이 닿아 좋은 파트너가 되었으면 합니다.


Website    buwon-logis.com
Email      buwoncbw@naver.com
Phone	    051-417-1151~2
"
all@kbridges.co.kr,O,케이브릿지(주)를 위한 부산 북항/영도 지역  저온 창고 제휴를 제안합니다.,"안녕하세요 케이브릿지(주) 물류 담당자님, 부원로지스 김현주 과장입니다.

지금도 좋은 보관업체와 함께 운영중이시겠지만,
저희 회사에서도 견적을 받아보시면 좀 더 경쟁력있는 기회가 되지 않을까 하는 바람으로 연락드립니다.

저희는 일반, 냉장, 냉동, 농수산물 등 거의 모든 화물을 취급하는 부산 영도 유일의 복합보세창고입니다.
또한 리팩킹, 라벨링, 검역, 선용품 보관 등 부가서비스 전반을 제공하고 있으며,
잦은 소량 출고작업도 지체 없이 도와드리고 있습니다.

아래 홈페이지에서 더 많은 정보 확인하실 수 있으며,
자세한 사항은 아래 연락처로 연락주시면 안내드리겠습니다.
이번 기회로 귀사와 연이 닿아 좋은 파트너가 되었으면 합니다.


Website    buwon-logis.com
Email      buwoncbw@naver.com
Phone	    051-417-1151~2
"
aimat@aimat.co.kr,O,에이맷로지스틱스주식회사를 위한 부산 북항/영도 지역  저온 창고 제휴를 제안합니다.,"안녕하세요 에이맷로지스틱스주식회사 물류 담당자님, 부원로지스 김현주 과장입니다.

지금도 좋은 보관업체와 함께 운영중이시겠지만,
저희 회사에서도 견적을 받아보시면 좀 더 경쟁력있는 기회가 되지 않을까 하는 바람으로 연락드립니다.

저희는 일반, 냉장, 냉동, 농수산물 등 거의 모든 화물을 취급하는 부산 영도 유일의 복합보세창고입니다.
또한 리팩킹, 라벨링, 검역, 선용품 보관 등 부가서비스 전반을 제공하고 있으며,
잦은 소량 출고작업도 지체 없이 도와드리고 있습니다.

아래 홈페이지에서 더 많은 정보 확인하실 수 있으며,
자세한 사항은 아래 연락처로 연락주시면 안내드리겠습니다.
이번 기회로 귀사와 연이 닿아 좋은 파트너가 되었으면 합니다.


Website    buwon-logis.com
Email      buwoncbw@naver.com
Phone	    051-417-1151~2
"
oog@eglcl.com,O,(주)이지엘코엘티디를 위한 부산 북항/영도 지역  저온 창고 제휴를 제안합니다.,"안녕하세요 (주)이지엘코엘티디 물류 담당자님, 부원로지스 김현주 과장입니다.

지금도 좋은 보관업체와 함께 운영중이시겠지만,
저희 회사에서도 견적을 받아보시면 좀 더 경쟁력있는 기회가 되지 않을까 하는 바람으로 연락드립니다.

저희는 일반, 냉장, 냉동, 농수산물 등 거의 모든 화물을 취급하는 부산 영도 유일의 복합보세창고입니다.
또한 리팩킹, 라벨링, 검역, 선용품 보관 등 부가서비스 전반을 제공하고 있으며,
잦은 소량 출고작업도 지체 없이 도와드리고 있습니다.

아래 홈페이지에서 더 많은 정보 확인하실 수 있으며,
자세한 사항은 아래 연락처로 연락주시면 안내드리겠습니다.
이번 기회로 귀사와 연이 닿아 좋은 파트너가 되었으면 합니다.


Website    buwon-logis.com
Email      buwoncbw@naver.com
Phone	    051-417-1151~2
"
junhan0314@hansol.com,O,한솔로지스틱스를 위한 부산 북항/영도 지역  저온 창고 제휴를 제안합니다.,"안녕하세요 한솔로지스틱스 물류 담당자님, 부원로지스 김현주 과장입니다.

지금도 좋은 보관업체와 함께 운영중이시겠지만,
저희 회사에서도 견적을 받아보시면 좀 더 경쟁력있는 기회가 되지 않을까 하는 바람으로 연락드립니다.

저희는 일반, 냉장, 냉동, 농수산물 등 거의 모든 화물을 취급하는 부산 영도 유일의 복합보세창고입니다.
또한 리팩킹, 라벨링, 검역, 선용품 보관 등 부가서비스 전반을 제공하고 있으며,
잦은 소량 출고작업도 지체 없이 도와드리고 있습니다.

아래 홈페이지에서 더 많은 정보 확인하실 수 있으며,
자세한 사항은 아래 연락처로 연락주시면 안내드리겠습니다.
이번 기회로 귀사와 연이 닿아 좋은 파트너가 되었으면 합니다.


Website    buwon-logis.com
Email      buwoncbw@naver.com
Phone	    051-417-1151~2
"
LFLKR@lflogistics.com,O,LF LOGISTICS를 위한 부산 북항/영도 지역  저온 창고 제휴를 제안합니다.,"안녕하세요 LF LOGISTICS 물류 담당자님, 부원로지스 김현주 과장입니다.

지금도 좋은 보관업체와 함께 운영중이시겠지만,
저희 회사에서도 견적을 받아보시면 좀 더 경쟁력있는 기회가 되지 않을까 하는 바람으로 연락드립니다.

저희는 일반, 냉장, 냉동, 농수산물 등 거의 모든 화물을 취급하는 부산 영도 유일의 복합보세창고입니다.
또한 리팩킹, 라벨링, 검역, 선용품 보관 등 부가서비스 전반을 제공하고 있으며,
잦은 소량 출고작업도 지체 없이 도와드리고 있습니다.

아래 홈페이지에서 더 많은 정보 확인하실 수 있으며,
자세한 사항은 아래 연락처로 연락주시면 안내드리겠습니다.
이번 기회로 귀사와 연이 닿아 좋은 파트너가 되었으면 합니다.


Website    buwon-logis.com
Email      buwoncbw@naver.com
Phone	    051-417-1151~2
"
sgl@siriusglobal.co.kr,O,시리우스 글로벌을 위한 부산 북항/영도 지역  저온 창고 제휴를 제안합니다.,"안녕하세요 시리우스 글로벌 물류 담당자님, 부원로지스 김현주 과장입니다.

지금도 좋은 보관업체와 함께 운영중이시겠지만,
저희 회사에서도 견적을 받아보시면 좀 더 경쟁력있는 기회가 되지 않을까 하는 바람으로 연락드립니다.

저희는 일반, 냉장, 냉동, 농수산물 등 거의 모든 화물을 취급하는 부산 영도 유일의 복합보세창고입니다.
또한 리팩킹, 라벨링, 검역, 선용품 보관 등 부가서비스 전반을 제공하고 있으며,
잦은 소량 출고작업도 지체 없이 도와드리고 있습니다.

아래 홈페이지에서 더 많은 정보 확인하실 수 있으며,
자세한 사항은 아래 연락처로 연락주시면 안내드리겠습니다.
이번 기회로 귀사와 연이 닿아 좋은 파트너가 되었으면 합니다.


Website    buwon-logis.com
Email      buwoncbw@naver.com
Phone	    051-417-1151~2
"
seoul@ckpanasia.com,O,CK PAN ASIA를 위한 부산 북항/영도 지역  저온 창고 제휴를 제안합니다.,"안녕하세요 CK PAN ASIA 물류 담당자님, 부원로지스 김현주 과장입니다.

지금도 좋은 보관업체와 함께 운영중이시겠지만,
저희 회사에서도 견적을 받아보시면 좀 더 경쟁력있는 기회가 되지 않을까 하는 바람으로 연락드립니다.

저희는 일반, 냉장, 냉동, 농수산물 등 거의 모든 화물을 취급하는 부산 영도 유일의 복합보세창고입니다.
또한 리팩킹, 라벨링, 검역, 선용품 보관 등 부가서비스 전반을 제공하고 있으며,
잦은 소량 출고작업도 지체 없이 도와드리고 있습니다.

아래 홈페이지에서 더 많은 정보 확인하실 수 있으며,
자세한 사항은 아래 연락처로 연락주시면 안내드리겠습니다.
이번 기회로 귀사와 연이 닿아 좋은 파트너가 되었으면 합니다.


Website    buwon-logis.com
Email      buwoncbw@naver.com
Phone	    051-417-1151~2
"
imex@imexglobiz.com,O,주식회사 이맥스글로비즈를 위한 부산 북항/영도 지역  저온 창고 제휴를 제안합니다.,"안녕하세요 주식회사 이맥스글로비즈 물류 담당자님, 부원로지스 김현주 과장입니다.

지금도 좋은 보관업체와 함께 운영중이시겠지만,
저희 회사에서도 견적을 받아보시면 좀 더 경쟁력있는 기회가 되지 않을까 하는 바람으로 연락드립니다.

저희는 일반, 냉장, 냉동, 농수산물 등 거의 모든 화물을 취급하는 부산 영도 유일의 복합보세창고입니다.
또한 리팩킹, 라벨링, 검역, 선용품 보관 등 부가서비스 전반을 제공하고 있으며,
잦은 소량 출고작업도 지체 없이 도와드리고 있습니다.

아래 홈페이지에서 더 많은 정보 확인하실 수 있으며,
자세한 사항은 아래 연락처로 연락주시면 안내드리겠습니다.
이번 기회로 귀사와 연이 닿아 좋은 파트너가 되었으면 합니다.


Website    buwon-logis.com
Email      buwoncbw@naver.com
Phone	    051-417-1151~2
"
airexport@bestwayex.com,O,베스트웨이트랜스포트(주)를 위한 부산 북항/영도 지역  저온 창고 제휴를 제안합니다.,"안녕하세요 베스트웨이트랜스포트(주) 물류 담당자님, 부원로지스 김현주 과장입니다.

지금도 좋은 보관업체와 함께 운영중이시겠지만,
저희 회사에서도 견적을 받아보시면 좀 더 경쟁력있는 기회가 되지 않을까 하는 바람으로 연락드립니다.

저희는 일반, 냉장, 냉동, 농수산물 등 거의 모든 화물을 취급하는 부산 영도 유일의 복합보세창고입니다.
또한 리팩킹, 라벨링, 검역, 선용품 보관 등 부가서비스 전반을 제공하고 있으며,
잦은 소량 출고작업도 지체 없이 도와드리고 있습니다.

아래 홈페이지에서 더 많은 정보 확인하실 수 있으며,
자세한 사항은 아래 연락처로 연락주시면 안내드리겠습니다.
이번 기회로 귀사와 연이 닿아 좋은 파트너가 되었으면 합니다.


Website    buwon-logis.com
Email      buwoncbw@naver.com
Phone	    051-417-1151~2
"
pinlogix@pinlogix.co.kr,O,핀로직스를 위한 부산 북항/영도 지역  저온 창고 제휴를 제안합니다.,"안녕하세요 핀로직스 물류 담당자님, 부원로지스 김현주 과장입니다.

지금도 좋은 보관업체와 함께 운영중이시겠지만,
저희 회사에서도 견적을 받아보시면 좀 더 경쟁력있는 기회가 되지 않을까 하는 바람으로 연락드립니다.

저희는 일반, 냉장, 냉동, 농수산물 등 거의 모든 화물을 취급하는 부산 영도 유일의 복합보세창고입니다.
또한 리팩킹, 라벨링, 검역, 선용품 보관 등 부가서비스 전반을 제공하고 있으며,
잦은 소량 출고작업도 지체 없이 도와드리고 있습니다.

아래 홈페이지에서 더 많은 정보 확인하실 수 있으며,
자세한 사항은 아래 연락처로 연락주시면 안내드리겠습니다.
이번 기회로 귀사와 연이 닿아 좋은 파트너가 되었으면 합니다.


Website    buwon-logis.com
Email      buwoncbw@naver.com
Phone	    051-417-1151~2
"
etwal0817@naver.com,O,(주)록시아이에프씨를 위한 부산 북항/영도 지역  저온 창고 제휴를 제안합니다.,"안녕하세요 (주)록시아이에프씨 물류 담당자님, 부원로지스 김현주 과장입니다.

지금도 좋은 보관업체와 함께 운영중이시겠지만,
저희 회사에서도 견적을 받아보시면 좀 더 경쟁력있는 기회가 되지 않을까 하는 바람으로 연락드립니다.

저희는 일반, 냉장, 냉동, 농수산물 등 거의 모든 화물을 취급하는 부산 영도 유일의 복합보세창고입니다.
또한 리팩킹, 라벨링, 검역, 선용품 보관 등 부가서비스 전반을 제공하고 있으며,
잦은 소량 출고작업도 지체 없이 도와드리고 있습니다.

아래 홈페이지에서 더 많은 정보 확인하실 수 있으며,
자세한 사항은 아래 연락처로 연락주시면 안내드리겠습니다.
이번 기회로 귀사와 연이 닿아 좋은 파트너가 되었으면 합니다.


Website    buwon-logis.com
Email      buwoncbw@naver.com
Phone	    051-417-1151~2
"
gimmm@topace.co.kr,O,탑에이스마린을 위한 부산 북항/영도 지역  저온 창고 제휴를 제안합니다.,"안녕하세요 탑에이스마린 물류 담당자님, 부원로지스 김현주 과장입니다.

지금도 좋은 보관업체와 함께 운영중이시겠지만,
저희 회사에서도 견적을 받아보시면 좀 더 경쟁력있는 기회가 되지 않을까 하는 바람으로 연락드립니다.

저희는 일반, 냉장, 냉동, 농수산물 등 거의 모든 화물을 취급하는 부산 영도 유일의 복합보세창고입니다.
또한 리팩킹, 라벨링, 검역, 선용품 보관 등 부가서비스 전반을 제공하고 있으며,
잦은 소량 출고작업도 지체 없이 도와드리고 있습니다.

아래 홈페이지에서 더 많은 정보 확인하실 수 있으며,
자세한 사항은 아래 연락처로 연락주시면 안내드리겠습니다.
이번 기회로 귀사와 연이 닿아 좋은 파트너가 되었으면 합니다.


Website    buwon-logis.com
Email      buwoncbw@naver.com
Phone	    051-417-1151~2
"
"ezl@ezllogistic.com
",O,(주)이지엘로지스틱을 위한 부산 북항/영도 지역  저온 창고 제휴를 제안합니다.,"안녕하세요 (주)이지엘로지스틱 물류 담당자님, 부원로지스 김현주 과장입니다.

지금도 좋은 보관업체와 함께 운영중이시겠지만,
저희 회사에서도 견적을 받아보시면 좀 더 경쟁력있는 기회가 되지 않을까 하는 바람으로 연락드립니다.

저희는 일반, 냉장, 냉동, 농수산물 등 거의 모든 화물을 취급하는 부산 영도 유일의 복합보세창고입니다.
또한 리팩킹, 라벨링, 검역, 선용품 보관 등 부가서비스 전반을 제공하고 있으며,
잦은 소량 출고작업도 지체 없이 도와드리고 있습니다.

아래 홈페이지에서 더 많은 정보 확인하실 수 있으며,
자세한 사항은 아래 연락처로 연락주시면 안내드리겠습니다.
이번 기회로 귀사와 연이 닿아 좋은 파트너가 되었으면 합니다.


Website    buwon-logis.com
Email      buwoncbw@naver.com
Phone	    051-417-1151~2
"
info@myastar.co.kr,O,주)아스타로지텍코리아를 위한 부산 북항/영도 지역  저온 창고 제휴를 제안합니다.,"안녕하세요 주)아스타로지텍코리아 물류 담당자님, 부원로지스 김현주 과장입니다.

지금도 좋은 보관업체와 함께 운영중이시겠지만,
저희 회사에서도 견적을 받아보시면 좀 더 경쟁력있는 기회가 되지 않을까 하는 바람으로 연락드립니다.

저희는 일반, 냉장, 냉동, 농수산물 등 거의 모든 화물을 취급하는 부산 영도 유일의 복합보세창고입니다.
또한 리팩킹, 라벨링, 검역, 선용품 보관 등 부가서비스 전반을 제공하고 있으며,
잦은 소량 출고작업도 지체 없이 도와드리고 있습니다.

아래 홈페이지에서 더 많은 정보 확인하실 수 있으며,
자세한 사항은 아래 연락처로 연락주시면 안내드리겠습니다.
이번 기회로 귀사와 연이 닿아 좋은 파트너가 되었으면 합니다.


Website    buwon-logis.com
Email      buwoncbw@naver.com
Phone	    051-417-1151~2
"
hklee@vegalogix.com,O,베가로직스(주)를 위한 부산 북항/영도 지역  저온 창고 제휴를 제안합니다.,"안녕하세요 베가로직스(주) 물류 담당자님, 부원로지스 김현주 과장입니다.

지금도 좋은 보관업체와 함께 운영중이시겠지만,
저희 회사에서도 견적을 받아보시면 좀 더 경쟁력있는 기회가 되지 않을까 하는 바람으로 연락드립니다.

저희는 일반, 냉장, 냉동, 농수산물 등 거의 모든 화물을 취급하는 부산 영도 유일의 복합보세창고입니다.
또한 리팩킹, 라벨링, 검역, 선용품 보관 등 부가서비스 전반을 제공하고 있으며,
잦은 소량 출고작업도 지체 없이 도와드리고 있습니다.

아래 홈페이지에서 더 많은 정보 확인하실 수 있으며,
자세한 사항은 아래 연락처로 연락주시면 안내드리겠습니다.
이번 기회로 귀사와 연이 닿아 좋은 파트너가 되었으면 합니다.


Website    buwon-logis.com
Email      buwoncbw@naver.com
Phone	    051-417-1151~2
"
seesel@sseair.co.kr,O,(주)시리우스해운항공을 위한 부산 북항/영도 지역  저온 창고 제휴를 제안합니다.,"안녕하세요 (주)시리우스해운항공 물류 담당자님, 부원로지스 김현주 과장입니다.

지금도 좋은 보관업체와 함께 운영중이시겠지만,
저희 회사에서도 견적을 받아보시면 좀 더 경쟁력있는 기회가 되지 않을까 하는 바람으로 연락드립니다.

저희는 일반, 냉장, 냉동, 농수산물 등 거의 모든 화물을 취급하는 부산 영도 유일의 복합보세창고입니다.
또한 리팩킹, 라벨링, 검역, 선용품 보관 등 부가서비스 전반을 제공하고 있으며,
잦은 소량 출고작업도 지체 없이 도와드리고 있습니다.

아래 홈페이지에서 더 많은 정보 확인하실 수 있으며,
자세한 사항은 아래 연락처로 연락주시면 안내드리겠습니다.
이번 기회로 귀사와 연이 닿아 좋은 파트너가 되었으면 합니다.


Website    buwon-logis.com
Email      buwoncbw@naver.com
Phone	    051-417-1151~2
"
coun@coun.co.kr,O,(주)코운로지스틱스를 위한 부산 북항/영도 지역  저온 창고 제휴를 제안합니다.,"안녕하세요 (주)코운로지스틱스 물류 담당자님, 부원로지스 김현주 과장입니다.

지금도 좋은 보관업체와 함께 운영중이시겠지만,
저희 회사에서도 견적을 받아보시면 좀 더 경쟁력있는 기회가 되지 않을까 하는 바람으로 연락드립니다.

저희는 일반, 냉장, 냉동, 농수산물 등 거의 모든 화물을 취급하는 부산 영도 유일의 복합보세창고입니다.
또한 리팩킹, 라벨링, 검역, 선용품 보관 등 부가서비스 전반을 제공하고 있으며,
잦은 소량 출고작업도 지체 없이 도와드리고 있습니다.

아래 홈페이지에서 더 많은 정보 확인하실 수 있으며,
자세한 사항은 아래 연락처로 연락주시면 안내드리겠습니다.
이번 기회로 귀사와 연이 닿아 좋은 파트너가 되었으면 합니다.


Website    buwon-logis.com
Email      buwoncbw@naver.com
Phone	    051-417-1151~2
"
